81039302,matchlogs,2023,summary,Mohamed-Farsi-Match-Logs
831cf3ac,matchlogs,2023,summary,Victor-Palsson-Match-Logs
1f084637,matchlogs,2023,summary,Joshua-Atencio-Match-Logs
7e1046fa,matchlogs,2023,summary,Thorleifur-Ulfarsson-Match-Logs
8ef72983,matchlogs,2023,summary,McKinze-Gaines-Match-Logs
a5532e80,matchlogs,2023,summary,Miguel-Berry-Match-Logs
d88f31db,matchlogs,2023,summary,Brian-Gutierrez-Match-Logs
c6f99e42,matchlogs,2023,summary,Dario-Zuparic-Match-Logs
d384bddd,matchlogs,2023,summary,Jamiro-Monteiro-Match-Logs
f935709c,matchlogs,2023,summary,Khiry-Shelton-Match-Logs
a065e877,matchlogs,2023,summary,Cristian-Dajome-Match-Logs
f0d23e7b,matchlogs,2023,summary,Zarek-Valentin-Match-Logs
03a446a2,matchlogs,2023,summary,Benjamin-Cremaschi-Match-Logs
1471b2a8,matchlogs,2023,summary,Jader-Obrian-Match-Logs
4a78c769,matchlogs,2023,summary,Cameron-Harper-Match-Logs
517b7bf5,matchlogs,2023,summary,Geovane-Match-Logs
149d8165,matchlogs,2023,summary,Christopher-McVey-Match-Logs
31d049b2,matchlogs,2023,summary,Andres-Jasson-Match-Logs
59059f1e,matchlogs,2023,summary,Derrick-Etienne-Match-Logs
c4d9567d,matchlogs,2023,summary,Drake-Callender-Match-Logs
0cf321c8,matchlogs,2023,summary,Djordje-Petrovic-Match-Logs
582952f2,matchlogs,2023,summary,Teenage-Hadebe-Match-Logs
aee414b1,matchlogs,2023,summary,Maren-Haile-Selassie-Match-Logs
494bff86,matchlogs,2023,summary,Alex-Gersbach-Match-Logs
33c69aa0,matchlogs,2023,summary,Robin-Lod-Match-Logs
672f4300,matchlogs,2023,summary,Joshua-Yaro-Match-Logs
bc33c73b,matchlogs,2023,summary,Samuel-Piette-Match-Logs
6bfa0d3a,matchlogs,2023,summary,Michael-Boxall-Match-Logs
407325c4,matchlogs,2023,summary,Kobe-Franklin-Match-Logs
4de3b2c0,matchlogs,2023,summary,Facundo-Torres-Match-Logs
df782c79,matchlogs,2023,summary,Michael-Barrios-Match-Logs
e6f22a6b,matchlogs,2023,summary,Luis-Barraza-Match-Logs
ced1d98f,matchlogs,2023,summary,Amine-Bassi-Match-Logs
948a58c2,matchlogs,2023,summary,Zachary-Brault-Guillard-Match-Logs
b0a0698b,matchlogs,2023,summary,Rafael-Czichos-Match-Logs
279508bf,matchlogs,2023,summary,Brenner-Match-Logs
bcb2282d,matchlogs,2023,summary,Lassi-Lappalainen-Match-Logs
48875649,matchlogs,2023,summary,Cristian-Roldan-Match-Logs
c8364e8e,matchlogs,2023,summary,Jose-Andres-Martinez-Match-Logs
e67f8af0,matchlogs,2023,summary,Diego-Luna-Match-Logs
77d28e45,matchlogs,2023,summary,Luke-Haakenson-Match-Logs
5ef1aaae,matchlogs,2023,summary,Stephen-Turnbull-Match-Logs
e0cd04e0,matchlogs,2023,summary,Carlos-Vela-Match-Logs
2c8da8a1,matchlogs,2023,summary,Cole-Bassett-Match-Logs
aad135a3,matchlogs,2023,summary,Nathan-Fogaca-Match-Logs
3cd08ab7,matchlogs,2023,summary,Efrain-Alvarez-Match-Logs
61f7e18e,matchlogs,2023,summary,Miguel-Perez-Match-Logs
edbfbb3f,matchlogs,2023,summary,Eriq-Zavaleta-Match-Logs
3ce30893,matchlogs,2023,summary,Lucas-Zelarayan-Match-Logs
fda36cfb,matchlogs,2023,summary,Chris-Mavinga-Match-Logs
83cb6e59,matchlogs,2023,summary,Jaylin-Lindsey-Match-Logs
fe81682e,matchlogs,2023,summary,Diego-Fagundez-Match-Logs
d552c4a1,matchlogs,2023,summary,Heber-Match-Logs
9cc1fde4,matchlogs,2023,summary,Obed-Vargas-Match-Logs
1835f053,matchlogs,2023,summary,Juan-Jose-Sanchez-Match-Logs
897c8066,matchlogs,2023,summary,Obinna-Nwobodo-Match-Logs
f8e95f87,matchlogs,2023,summary,Cade-Cowell-Match-Logs
19f8e480,matchlogs,2023,summary,Sergi-Palencia-Match-Logs
e0d45022,matchlogs,2023,summary,Duncan-McGuire-Match-Logs
0a0dcb6f,matchlogs,2023,summary,Jacob-Greene-Match-Logs
91769a24,matchlogs,2023,summary,Adam-Lundqvist-Match-Logs
5e2a4d0e,matchlogs,2023,summary,Matt-Hedges-Match-Logs
a8542814,matchlogs,2023,summary,Hector-Herrera-Match-Logs
b33c6ed5,matchlogs,2023,summary,Jacen-Russell-Rowe-Match-Logs
e73f0aa1,matchlogs,2023,summary,Josef-Martinez-Match-Logs
2501eb59,matchlogs,2023,summary,Jonathan-Lewis-Match-Logs
ea93bcd9,matchlogs,2023,summary,Mohanad-Jeahze-Match-Logs
3fbff39a,matchlogs,2023,summary,Miguel-Navarro-Match-Logs
e1e65f24,matchlogs,2023,summary,Rida-Zouhir-Match-Logs
9bad7100,matchlogs,2023,summary,Rubio-Rubin-Match-Logs
ec80ba72,matchlogs,2023,summary,Brooks-Lennon-Match-Logs
674befe9,matchlogs,2023,summary,Russell-Teibert-Match-Logs
2d0d1442,matchlogs,2023,summary,Corey-Baird-Match-Logs
6ec37f2e,matchlogs,2023,summary,Diego-Palacios-Match-Logs
da23cdc3,matchlogs,2023,summary,Pablo-Bonilla-Match-Logs
67f5e064,matchlogs,2023,summary,Rodrigues-Match-Logs
09ae7f92,matchlogs,2023,summary,Gyasi-Zardes-Match-Logs
a61d2c1a,matchlogs,2023,summary,Franco-Negri-Match-Logs
39fde61c,matchlogs,2023,summary,Cory-Burke-Match-Logs
2.49E+14,matchlogs,2023,summary,John-McCarthy-Match-Logs
540a5be1,matchlogs,2023,summary,Ali-Ahmed-Match-Logs
1e159d70,matchlogs,2023,summary,Yerson-Mosquera-Match-Logs
552898bd,matchlogs,2023,summary,Ethan-Bartlow-Match-Logs
2b5801d0,matchlogs,2023,summary,Jake-Nerwinski-Match-Logs
a71768a2,matchlogs,2023,summary,Christopher-Brady-Match-Logs
a930b263,matchlogs,2023,summary,Sergio-Santos-Gomes-Match-Logs
366609b6,matchlogs,2023,summary,Ranko-Veselinovic-Match-Logs
b59f0060,matchlogs,2023,summary,Matias-Pellegrini-Match-Logs
fa66adb6,matchlogs,2023,summary,Luis-Amarilla-Match-Logs
9df9baab,matchlogs,2023,summary,Yimmi-Chara-Match-Logs
f5ae006d,matchlogs,2023,summary,Klauss-Match-Logs
35d550f2,matchlogs,2023,summary,Tega-Ikoba-Match-Logs
cfed08d5,matchlogs,2023,summary,Matai-Akinmboni-Match-Logs
cc120b4f,matchlogs,2023,summary,Julio-Cascante-Match-Logs
17c03c76,matchlogs,2023,summary,Daniel-Steres-Match-Logs
76a82373,matchlogs,2023,summary,Carlos-Gomez-Match-Logs
0eb8ad80,matchlogs,2023,summary,Robert-Thorkelsson-Match-Logs
0d2fe665,matchlogs,2023,summary,Omar-Gonzalez-Match-Logs
1fc0973f,matchlogs,2023,summary,Robert-Taylor-Match-Logs
2af71023,matchlogs,2023,summary,Joseph-Mora-Match-Logs
ca1e91a1,matchlogs,2023,summary,Jalen-Neal-Match-Logs
6260cc9d,matchlogs,2023,summary,Diego-Chara-Match-Logs
5e88c524,matchlogs,2023,summary,John-Tolkin-Match-Logs
4c53a714,matchlogs,2023,summary,Kacper-Przybylko-Match-Logs
da4821de,matchlogs,2023,summary,Tom-Barlow-Match-Logs
3fbe573e,matchlogs,2023,summary,Jhojan-Valencia-Match-Logs
f090a37a,matchlogs,2023,summary,Riqui-Puig-Match-Logs
d682f554,matchlogs,2023,summary,Dante-Vanzeir-Match-Logs
dccd127f,matchlogs,2023,summary,James-Sands-Match-Logs
ef7c10e0,matchlogs,2023,summary,Theodore-Ku-Dipietro-Match-Logs
36a38acd,matchlogs,2023,summary,Mark-Anthony-Kaye-Match-Logs
10d1139c,matchlogs,2023,summary,DeJuan-Jones-Match-Logs
5bb02df4,matchlogs,2023,summary,Rodrigo-Schlegel-Match-Logs
9edc70d6,matchlogs,2023,summary,Owen-Wolff-Match-Logs
3077fce8,matchlogs,2023,summary,Teal-Bunbury-Match-Logs
f8280175,matchlogs,2023,summary,Andy-Najar-Match-Logs
b4caa0c5,matchlogs,2023,summary,Brooklyn-Raines-Match-Logs
2f91124d,matchlogs,2023,summary,Alvas-Powell-Match-Logs
220fa883,matchlogs,2023,summary,Walker-Zimmerman-Match-Logs
d899e3bf,matchlogs,2023,summary,Brad-Guzan-Match-Logs
e4b72e34,matchlogs,2023,summary,Miguel-Trauco-Match-Logs
fc6c6b2b,matchlogs,2023,summary,Memo-Rodriguez-Match-Logs
3.25E+07,matchlogs,2023,summary,Carlos-Teran-Match-Logs
ed6320b7,matchlogs,2023,summary,Steve-Clark-Match-Logs
4924d9bb,matchlogs,2023,summary,Ryan-Sailor-Match-Logs
26637ac8,matchlogs,2023,summary,Steve-Birnbaum-Match-Logs
d8b47705,matchlogs,2023,summary,Kelvin-Leerdam-Match-Logs
339a2561,matchlogs,2023,summary,Jacob-Shaffelburg-Match-Logs
8c1b17b3,matchlogs,2023,summary,Sean-Nealis-Match-Logs
2a17ef3e,matchlogs,2023,summary,Oriol-Rosell-Match-Logs
7.97E+10,matchlogs,2023,summary,Sunusi-Ibrahim-Match-Logs
5153d32e,matchlogs,2023,summary,Latif-Blessing-Match-Logs
122e850d,matchlogs,2023,summary,Romell-Quioto-Match-Logs
fdc715d9,matchlogs,2023,summary,Kai-Wagner-Match-Logs
2f5f098b,matchlogs,2023,summary,Kayden-Pierre-Match-Logs
64796fe0,matchlogs,2023,summary,Caleb-Wiley-Match-Logs
565fde4a,matchlogs,2023,summary,Anthony-Markanich-Match-Logs
bbfbd4d3,matchlogs,2023,summary,Braian-Galvan-Match-Logs
1e29552f,matchlogs,2023,summary,Jonathan-Klinsmann-Match-Logs
977791f4,matchlogs,2023,summary,JT-Marcinkowski-Match-Logs
ecc5063f,matchlogs,2023,summary,Daniel-Aguirre-Match-Logs
55a5d959,matchlogs,2023,summary,Ivan-Angulo-Match-Logs
b9596515,matchlogs,2023,summary,Marcelo-Silva-Match-Logs
5777eca0,matchlogs,2023,summary,Sigurd-Rosted-Match-Logs
bcbc53d5,matchlogs,2023,summary,Tsiki-Ntsabeleng-Match-Logs
df8e7b62,matchlogs,2023,summary,Erik-Thommy-Match-Logs
9d5afdfb,matchlogs,2023,summary,Jon-Gallagher-Match-Logs
2375dd75,matchlogs,2023,summary,Mender-Garcia-Match-Logs
ab66cc31,matchlogs,2023,summary,Gaston-Gimenez-Match-Logs
901408ac,matchlogs,2023,summary,James-Pantemis-Match-Logs
e16db703,matchlogs,2023,summary,Kyle-Hiebert-Match-Logs
e0c17cde,matchlogs,2023,summary,Mauricio-Pineda-Match-Logs
31a4d0b8,matchlogs,2023,summary,Felipe-Hernandez-Match-Logs
8348b24d,matchlogs,2023,summary,Ray-Gaddis-Match-Logs
ac65aef3,matchlogs,2023,summary,Jakob-Glesnes-Match-Logs
2822f3dd,matchlogs,2023,summary,Damien-Rivera-Match-Logs
c72a6057,matchlogs,2023,summary,Rafael-Santos-Match-Logs
92442794,matchlogs,2023,summary,Harvey-Neville-Match-Logs
6f7ac622,matchlogs,2023,summary,Jimmy-Medranda-Match-Logs
42af215b,matchlogs,2023,summary,Kevin-Cabral-Match-Logs
c8e65157,matchlogs,2023,summary,Milos-Degenek-Match-Logs
782a95d9,matchlogs,2023,summary,Miles-Robinson-Match-Logs
c570cf22,matchlogs,2023,summary,Brandon-Vazquez-Match-Logs
f2b170ae,matchlogs,2023,summary,Jose-Mulato-Match-Logs
d9178ea2,matchlogs,2023,summary,Spencer-Richey-Match-Logs
91721722,matchlogs,2023,summary,Jefferson-Savarino-Match-Logs
1f462f95,matchlogs,2023,summary,Luis-Abram-Match-Logs
68d48a71,matchlogs,2023,summary,Jesus-David-Murillo-Largacha-Match-Logs
8f995d10,matchlogs,2023,summary,Christopher-Donovan-Match-Logs
0c6f2fa6,matchlogs,2023,summary,Jack-Maher-Match-Logs
758de7b4,matchlogs,2023,summary,Kerwin-Vargas-Match-Logs
bd4460b1,matchlogs,2023,summary,Brandt-Bronico-Match-Logs
04e195ee,matchlogs,2023,summary,Indiana-Vassilev-Match-Logs
fafeaf3d,matchlogs,2023,summary,Luca-Petrasso-Match-Logs
b7b6e781,matchlogs,2023,summary,David-Romney-Match-Logs
d2275b1b,matchlogs,2023,summary,William-Agada-Match-Logs
2b24702b,matchlogs,2023,summary,Brent-Kallman-Match-Logs
9e6b2ec3,matchlogs,2023,summary,Kyle-Smith-Match-Logs
59557625,matchlogs,2023,summary,Bryce-Duke-Match-Logs
63abd734,matchlogs,2023,summary,Darren-Yapi-Match-Logs
cfc68595,matchlogs,2023,summary,Marco-Farfan-Match-Logs
4d6ec370,matchlogs,2023,summary,Thiago-Martins-Match-Logs
77986763,matchlogs,2023,summary,Keaton-Parks-Match-Logs
25f77a5f,matchlogs,2023,summary,Emmanuel-Boateng-Match-Logs
33e46323,matchlogs,2023,summary,Andrew-Brody-Match-Logs
f2571c91,matchlogs,2023,summary,Tim-Leibold-Match-Logs
480d3bcc,matchlogs,2023,summary,Taylor-Washington-Match-Logs
e85fb9b8,matchlogs,2023,summary,Giorgio-Chiellini-Match-Logs
989ecf23,matchlogs,2023,summary,Justin-Rasmussen-Match-Logs
39859fa1,matchlogs,2023,summary,Leon-Flach-Match-Logs
3f082234,matchlogs,2023,summary,Diego-Rubio-Match-Logs
47ddcc22,matchlogs,2023,summary,Joel-Waterman-Match-Logs
52fdf512,matchlogs,2023,summary,Andreas-Maxso-Match-Logs
bd298d0d,matchlogs,2023,summary,Jordan-Morris-Match-Logs
789da0f2,matchlogs,2023,summary,Pedro-Santos-Match-Logs
70106ff6,matchlogs,2023,summary,Jonathan-Osorio-Match-Logs
86429529,matchlogs,2023,summary,Samuel-Adeniran-Match-Logs
daf8c775,matchlogs,2023,summary,Matheus-Rossetto-Match-Logs
b7a23251,matchlogs,2023,summary,Andrew-Gutman-Match-Logs
f087912d,matchlogs,2023,summary,Adalberto-Carrasquilla-Match-Logs
ee93c1a9,matchlogs,2023,summary,Federico-Bernardeschi-Match-Logs
86dff811,matchlogs,2023,summary,Santiago-Rodriguez-Match-Logs
4f8a9f70,matchlogs,2023,summary,Kervin-Arriaga-Match-Logs
61c628be,matchlogs,2023,summary,Federico-Navarro-Match-Logs
72979f65,matchlogs,2023,summary,Ilie-Sanchez-Match-Logs
371645ca,matchlogs,2023,summary,Kevin-Molino-Match-Logs
fc7c8d3d,matchlogs,2023,summary,Ahmed-Hamdi-Match-Logs
73019c31,matchlogs,2023,summary,Sebastian-Lletget-Match-Logs
9ba42447,matchlogs,2023,summary,Graham-Zusi-Match-Logs
a94bad97,matchlogs,2023,summary,Nigel-Robertha-Match-Logs
38e88892,matchlogs,2023,summary,Kendall-Burks-Match-Logs
33d9d789,matchlogs,2023,summary,Robert-Voloder-Match-Logs
959686eb,matchlogs,2023,summary,Nick-Lima-Match-Logs
f2665f7c,matchlogs,2023,summary,Ruan-Match-Logs
7d974435,matchlogs,2023,summary,Jan-Gregus-Match-Logs
5c07e176,matchlogs,2023,summary,Carlos-Coronel-Match-Logs
5cbf5ccd,matchlogs,2023,summary,Fabian-Herbers-Match-Logs
9c146b36,matchlogs,2023,summary,Pedro-Vite-Match-Logs
79ab7593,matchlogs,2023,summary,Nicholas-Gioacchini-Match-Logs
56f64435,matchlogs,2023,summary,Ivan-Franco-Match-Logs
39632554,matchlogs,2023,summary,Nick-Hagglund-Match-Logs
960a4473,matchlogs,2023,summary,William-Sands-Match-Logs
3f41d25f,matchlogs,2023,summary,Dayne-St-Clair-Match-Logs
6e3f3809,matchlogs,2023,summary,Kei-Kamara-Match-Logs
db97d838,matchlogs,2023,summary,Daniel-Lovitz-Match-Logs
4d6e50d8,matchlogs,2023,summary,Aljaz-Ivacic-Match-Logs
6c564d36,matchlogs,2023,summary,Victor-Vazquez-Match-Logs
b828d56a,matchlogs,2023,summary,Raheem-Edwards-Match-Logs
e0900238,matchlogs,2023,summary,Victor-Wanyama-Match-Logs
5619c5e8,matchlogs,2023,summary,Claudio-Bravo-Match-Logs
6fcddf5f,matchlogs,2023,summary,Daniel-Salloi-Match-Logs
cb75cac9,matchlogs,2023,summary,Sean-Davis-Match-Logs
16349210,matchlogs,2023,summary,Alan-Velasco-Match-Logs
54c948de,matchlogs,2023,summary,Brian-White-Match-Logs
bc5b5be5,matchlogs,2023,summary,Fredy-Montero-Match-Logs
a79b9e17,matchlogs,2023,summary,Njabulo-Blom-Match-Logs
ab070c55,matchlogs,2023,summary,Christian-Benteke-Match-Logs
ecc3a9c9,matchlogs,2023,summary,Danny-Leyva-Match-Logs
7d9b37bf,matchlogs,2023,summary,Corentin-Jean-Match-Logs
7efffe65,matchlogs,2023,summary,Christian-Makoun-Match-Logs
fe5fea9f,matchlogs,2023,summary,Kipp-Keller-Match-Logs
7827a6b3,matchlogs,2023,summary,Tyler-Miller-Match-Logs
894b41c5,matchlogs,2023,summary,Michael-Baldisimo-Match-Logs
f33ee427,matchlogs,2023,summary,Sebastian-Berhalter-Match-Logs
b675e328,matchlogs,2023,summary,Lewis-Morgan-Match-Logs
c164335e,matchlogs,2023,summary,Sean-Johnson-Match-Logs
f45eb18d,matchlogs,2023,summary,Mauricio-Pereyra-Match-Logs
5b33b84c,matchlogs,2023,summary,Facundo-Quignon-Match-Logs
52be0b7d,matchlogs,2023,summary,Yohei-Takaoka-Match-Logs
c644e140,matchlogs,2023,summary,Justin-Haak-Match-Logs
575e6cb1,matchlogs,2023,summary,Kyle-Duncan-Match-Logs
d88ebbe9,matchlogs,2023,summary,Leo-Chu-Match-Logs
b6e2e54c,matchlogs,2023,summary,Damion-Lowe-Match-Logs
85937928,matchlogs,2023,summary,Luquinhas-Match-Logs
8087e6cb,matchlogs,2023,summary,Jonathan-Mensah-Match-Logs
c3e50b67,matchlogs,2023,summary,Joe-Bendik-Match-Logs
9bf9391c,matchlogs,2023,summary,Wil-Trapp-Match-Logs
2c1025bf,matchlogs,2023,summary,Alex-Muyl-Match-Logs
0984c5d5,matchlogs,2023,summary,Remi-Walter-Match-Logs
b5dd3469,matchlogs,2023,summary,Nemanja-Radoja-Match-Logs
bf547c54,matchlogs,2023,summary,Bill-Tuiloma-Match-Logs
eb343262,matchlogs,2023,summary,Maarten-Paes-Match-Logs
36ab14f5,matchlogs,2023,summary,Andres-Reyes-Match-Logs
8e049cbd,matchlogs,2023,summary,Jose-Martinez-Match-Logs
c350e7d5,matchlogs,2023,summary,Dagur-Dan-Thorhallsson-Match-Logs
7f6a25b7,matchlogs,2023,summary,Marky-Delgado-Match-Logs
8c395868,matchlogs,2023,summary,Andre-Shinyashiki-Match-Logs
7a4296e1,matchlogs,2023,summary,Raul-Ruidiaz-Match-Logs
4903a306,matchlogs,2023,summary,Diego-Gutierrez-Match-Logs
4a54592d,matchlogs,2023,summary,Scott-Caldwell-Match-Logs
95a24690,matchlogs,2023,summary,Dejan-Joveljic-Match-Logs
a1ed5354,matchlogs,2023,summary,Miguel-Tapias-Match-Logs
e94d79e3,matchlogs,2023,summary,Martin-Caceres-Match-Logs
a5334099,matchlogs,2023,summary,Chris-Mueller-Match-Logs
35c95bb2,matchlogs,2023,summary,Ramiro-Enrique-Match-Logs
bc307884,matchlogs,2023,summary,Ben-Bender-Match-Logs
292a652a,matchlogs,2023,summary,Serhiy-Kryvtsov-Match-Logs
43ca2019,matchlogs,2023,summary,Amar-Sejdic-Match-Logs
925a2703,matchlogs,2023,summary,Daniel-Musovski-Match-Logs
a535dbc6,matchlogs,2023,summary,Enzo-Copetti-Match-Logs
016a7f95,matchlogs,2023,summary,Martin-Ojeda-Match-Logs
891f8b82,matchlogs,2023,summary,Bode-Davis-Match-Logs
2e8bd00c,matchlogs,2023,summary,Frankie-Amaya-Match-Logs
fa21bbc8,matchlogs,2023,summary,Tate-Schmitt-Match-Logs
ffca53e1,matchlogs,2023,summary,Alvaro-Barreal-Match-Logs
7f19cbe0,matchlogs,2023,summary,Elias-Manoel-Match-Logs
f2a68b97,matchlogs,2023,summary,Carlos-Akapo-Match-Logs
c6d233e3,matchlogs,2023,summary,Ian-Murphy-Match-Logs
2ed8d81b,matchlogs,2023,summary,Javier-Casas-Match-Logs
a444689a,matchlogs,2023,summary,Yamil-Asad-Match-Logs
6fc57554,matchlogs,2023,summary,Nuno-Santos-Match-Logs
874a5031,matchlogs,2023,summary,Randall-Leal-Match-Logs
2d496ca3,matchlogs,2023,summary,Anibal-Godoy-Match-Logs
ef4e4c5d,matchlogs,2023,summary,CJ-Sapong-Match-Logs
16000870,matchlogs,2023,summary,Peter-Stroud-Match-Logs
b3b21a11,matchlogs,2023,summary,Andre-Blake-Match-Logs
9d12e142,matchlogs,2023,summary,Roman-Burki-Match-Logs
27f33438,matchlogs,2023,summary,Thiago-Almada-Match-Logs
758ac389,matchlogs,2023,summary,Dominique-Badji-Match-Logs
42ba8628,matchlogs,2023,summary,Roman-Celentano-Match-Logs
64f1680a,matchlogs,2023,summary,Steven-Beitashour-Match-Logs
6a8e0145,matchlogs,2023,summary,Erik-Duenas-Match-Logs
5fa7b2ec,matchlogs,2023,summary,Jeremy-Ebobisse-Match-Logs
ae34c71d,matchlogs,2023,summary,Justin-Meram-Match-Logs
90f3beec,matchlogs,2023,summary,Raoul-Petretta-Match-Logs
83129dc7,matchlogs,2023,summary,Zac-McGraw-Match-Logs
ea6803c7,matchlogs,2023,summary,Artur-Match-Logs
495945ef,matchlogs,2023,summary,Ashley-Westwood-Match-Logs
71380d87,matchlogs,2023,summary,Marvin-Loria-Match-Logs
c81d718e,matchlogs,2023,summary,Jack-Lynn-Match-Logs
a3d67f70,matchlogs,2023,summary,Jackson-Ragen-Match-Logs
41723204,matchlogs,2023,summary,Karol-Swiderski-Match-Logs
ca366055,matchlogs,2023,summary,Maxime-Chanot-Match-Logs
7dce16bf,matchlogs,2023,summary,Jackson-Yueill-Match-Logs
f006a9b3,matchlogs,2023,summary,Ryan-Raposo-Match-Logs
106bca06,matchlogs,2023,summary,Alessandro-Schopf-Match-Logs
f4b1e26f,matchlogs,2023,summary,Tyler-Boyd-Match-Logs
c82dcb70,matchlogs,2023,summary,Joaquin-Torres-Match-Logs
c4041fbc,matchlogs,2023,summary,Nathan-Byrne-Match-Logs
ed4dc7f4,matchlogs,2023,summary,DJ-Taylor-Match-Logs
9ca4b140,matchlogs,2023,summary,Ema-Twumasi-Match-Logs
9b40a6ea,matchlogs,2023,summary,Andres-Cubas-Match-Logs
950ef017,matchlogs,2023,summary,Tani-Oluwaseyi-Match-Logs
36292031,matchlogs,2023,summary,Yaw-Yeboah-Match-Logs
6ad5f50e,matchlogs,2023,summary,Michael-Halliday-Match-Logs
862e93c2,matchlogs,2023,summary,Ryan-Gauld-Match-Logs
ec646e88,matchlogs,2023,summary,William-Yarbrough-Match-Logs
fe81d0d1,matchlogs,2023,summary,Nicolas-Lodeiro-Match-Logs
9fc0f253,matchlogs,2023,summary,Matt-Miazga-Match-Logs
1d0a0f3e,matchlogs,2023,summary,Stefan-Frei-Match-Logs
c5f400f4,matchlogs,2023,summary,Bryan-Acosta-Match-Logs
93c92d6c,matchlogs,2023,summary,Derrick-Jones-Match-Logs
017459bb,matchlogs,2023,summary,Mathieu-Choiniere-Match-Logs
9a6f8dfd,matchlogs,2023,summary,Alejandro-Bedoya-Match-Logs
ae0a7ddf,matchlogs,2023,summary,DeAndre-Yedlin-Match-Logs
282679b4,matchlogs,2023,summary,Mateusz-Klich-Match-Logs
214d2406,matchlogs,2023,summary,Ayo-Akinola-Match-Logs
8c8ac996,matchlogs,2023,summary,Sam-Nicholson-Match-Logs
5d018899,matchlogs,2023,summary,Jared-Stroud-Match-Logs
8344adf5,matchlogs,2023,summary,Jackson-Hopkins-Match-Logs
9fcd12af,matchlogs,2023,summary,Brandon-Bye-Match-Logs
363ba6d7,matchlogs,2023,summary,Luciano-Acosta-Match-Logs
df8c4d49,matchlogs,2023,summary,John-Nelson-Match-Logs
44cfc681,matchlogs,2023,summary,Nathan-Dylan-Saliba-Match-Logs
7f35d14e,matchlogs,2023,summary,Tristan-Blackmon-Match-Logs
ad411288,matchlogs,2023,summary,Philip-Quinton-Match-Logs
7d8ede09,matchlogs,2023,summary,Harrison-Afful-Match-Logs
9d83969b,matchlogs,2023,summary,Adilson-Malanda-Match-Logs
56b7c09b,matchlogs,2023,summary,Luis-Martins-Match-Logs
0b0cbe5b,matchlogs,2023,summary,Denis-Bouanga-Match-Logs
1ee0513b,matchlogs,2023,summary,Jean-Mota-Match-Logs
d86e3070,matchlogs,2023,summary,Aaron-Herrera-Match-Logs
5b768b0f,matchlogs,2023,summary,Justen-Glad-Match-Logs
226a288e,matchlogs,2023,summary,Kwadwo-Opoku-Match-Logs
f6315619,matchlogs,2023,summary,Olivier-Mbaizo-Match-Logs
527d0e31,matchlogs,2023,summary,Daniel-Gazdag-Match-Logs
d338191d,matchlogs,2023,summary,Shanyder-Borgelin-Match-Logs
04cc9edd,matchlogs,2023,summary,Maikel-Chang-Match-Logs
636fc976,matchlogs,2023,summary,Daniel-Match-Logs
11c30a46,matchlogs,2023,summary,Carles-Gil-Match-Logs
7f2b7640,matchlogs,2023,summary,Xavier-Arreaga-Match-Logs
3778339c,matchlogs,2023,summary,Aidan-Morris-Match-Logs
3ff2c3ca,matchlogs,2023,summary,Sean-Rea-Match-Logs
66db9e72,matchlogs,2023,summary,Alex-Monis-Match-Logs
9694c407,matchlogs,2023,summary,Mitja-Ilenic-Match-Logs
cf928adb,matchlogs,2023,summary,Kelyn-Rowe-Match-Logs
0f138d5a,matchlogs,2023,summary,Andreu-Fontas-Match-Logs
7e1dbecf,matchlogs,2023,summary,Andres-Perea-Match-Logs
4a07ae31,matchlogs,2023,summary,Nkosi-Tafari-Match-Logs
192c89a6,matchlogs,2023,summary,Braian-Cufre-Match-Logs
60e86875,matchlogs,2023,summary,Sebastian-Driussi-Match-Logs
c182ca04,matchlogs,2023,summary,Griffin-Dorsey-Match-Logs
fa18c72e,matchlogs,2023,summary,Luiz-Araujo-Match-Logs
0adeafaa,matchlogs,2023,summary,Albert-Rusnak-Match-Logs
380ee265,matchlogs,2023,summary,Sean-Zawadzki-Match-Logs
60c4ac82,matchlogs,2023,summary,Gabriel-Pereira-Match-Logs
a5bea1fb,matchlogs,2023,summary,Timothy-Tillman-Match-Logs
8ca5c176,matchlogs,2023,summary,Robin-Jansson-Match-Logs
3d14c62e,matchlogs,2023,summary,Javain-Brown-Match-Logs
23c75879,matchlogs,2023,summary,Henry-Kessler-Match-Logs
21a529cf,matchlogs,2023,summary,Nicolas-Stefanelli-Match-Logs
b8f47d7c,matchlogs,2023,summary,Patrick-Schulte-Match-Logs
7ed56490,matchlogs,2023,summary,Jairo-Torres-Match-Logs
60c659b6,matchlogs,2023,summary,Jaroslaw-Niezgoda-Match-Logs
37295115,matchlogs,2023,summary,Mathias-Laborda-Match-Logs
9853983f,matchlogs,2023,summary,Bobby-Wood-Match-Logs
ed8c35d2,matchlogs,2023,summary,Jonathan-Dean-Match-Logs
d92f6df9,matchlogs,2023,summary,Abdi-Salim-Match-Logs
c0a28fbd,matchlogs,2023,summary,Derrick-Williams-Match-Logs
46b89640,matchlogs,2023,summary,Aaron-Long-Match-Logs
bd4e3824,matchlogs,2023,summary,Kamil-Jozwiak-Match-Logs
bf4d31d3,matchlogs,2023,summary,Giacomo-Vrioni-Match-Logs
fd5e3a73,matchlogs,2023,summary,Michael-Bradley-Match-Logs
74fef6d2,matchlogs,2023,summary,Gaston-Gonzalez-Match-Logs
92f62cfe,matchlogs,2023,summary,Quinn-Sullivan-Match-Logs
70678132,matchlogs,2023,summary,Eduard-Lowen-Match-Logs
bd060315,matchlogs,2023,summary,Edwin-Cerrillo-Match-Logs
d81c4e2e,matchlogs,2023,summary,Marco-Angulo-Match-Logs
60b7c195,matchlogs,2023,summary,Roger-Espinoza-Match-Logs
72a0f655,matchlogs,2023,summary,Kevin-OToole-Match-Logs
54f33d0e,matchlogs,2023,summary,Franco-Escobar-Match-Logs
9f0f5d15,matchlogs,2023,summary,Wilder-Cartagena-Match-Logs
6c1221d6,matchlogs,2023,summary,Alexander-Ring-Match-Logs
1255a82a,matchlogs,2023,summary,Alex-Roldan-Match-Logs
3dfcc735,matchlogs,2023,summary,Gustavo-Bou-Match-Logs
f080dd22,matchlogs,2023,summary,Santiago-Sosa-Match-Logs
9862259f,matchlogs,2023,summary,Aziel-Jackson-Match-Logs
17b28ec7,matchlogs,2023,summary,Brian-Anunga-Match-Logs
a3e85f7b,matchlogs,2023,summary,Deandre-Kerr-Match-Logs
0796512f,matchlogs,2023,summary,Nouhou-Tolo-Match-Logs
a72d14de,matchlogs,2023,summary,Dylan-Borrero-Match-Logs
c839e1b2,matchlogs,2023,summary,Tayvon-Gray-Match-Logs
ce037639,matchlogs,2023,summary,Jasper-Loffelsend-Match-Logs
b76e1394,matchlogs,2023,summary,Pedro-Gallese-Match-Logs
78506575,matchlogs,2023,summary,Rasmus-Alm-Match-Logs
cba16a46,matchlogs,2023,summary,Yuya-Kubo-Match-Logs
acd47bc0,matchlogs,2023,summary,Julian-Gressel-Match-Logs
6c3c3c3c,matchlogs,2023,summary,Ajani-Fortune-Match-Logs
6ad16d47,matchlogs,2023,summary,Rudy-Camacho-Match-Logs
2f557579,matchlogs,2023,summary,Lorenzo-Insigne-Match-Logs
6b33d86b,matchlogs,2023,summary,Eloy-Room-Match-Logs
acb3e899,matchlogs,2023,summary,Ralph-Priso-Mbongue-Match-Logs
f68ed3ba,matchlogs,2023,summary,Dylan-Teves-Match-Logs
df4fe2b7,matchlogs,2023,summary,Hugo-Hilaire-Mbongue-Mbongue-Match-Logs
e7056f05,matchlogs,2023,summary,Victor-Ulloa-Match-Logs
5f6c69d8,matchlogs,2023,summary,Tommy-Thompson-Match-Logs
d1d418f8,matchlogs,2023,summary,Matt-Polster-Match-Logs
80be3efe,matchlogs,2023,summary,Kemar-Lawrence-Match-Logs
93b56ba5,matchlogs,2023,summary,Leo-Vaisanen-Match-Logs
4988a44d,matchlogs,2023,summary,Tim-Parker-Match-Logs
276fdbe4,matchlogs,2023,summary,Richie-Laryea-Match-Logs
e43c8d72,matchlogs,2023,summary,Yeimar-Gomez-Andrade-Match-Logs
6219c704,matchlogs,2023,summary,Darlington-Nagbe-Match-Logs
3ba95f20,matchlogs,2023,summary,Tomas-Ostrak-Match-Logs
71b47ab9,matchlogs,2023,summary,Cucho-Match-Logs
1c595d53,matchlogs,2023,summary,Akil-Watts-Match-Logs
041deebd,matchlogs,2023,summary,Jack-Elliott-Match-Logs
ece10cfe,matchlogs,2023,summary,Kellyn-Acosta-Match-Logs
b96aa1d6,matchlogs,2023,summary,Joao-Paulo-Mior-Match-Logs
5bdec47f,matchlogs,2023,summary,Larrys-Mabiala-Match-Logs
7fd42a85,matchlogs,2023,summary,David-Bingham-Match-Logs
1cfa6e1a,matchlogs,2023,summary,Jackson-Conway-Match-Logs
0d8a2551,matchlogs,2023,summary,Cristhian-Paredes-Match-Logs
6a29d06b,matchlogs,2023,summary,Joseph-Rosales-Match-Logs
6937b1ac,matchlogs,2023,summary,Ben-Sweat-Match-Logs
1e161d47,matchlogs,2023,summary,Jesus-Jimenez-Match-Logs
24f4dd87,matchlogs,2023,summary,Dylan-Nealis-Match-Logs
4b52079b,matchlogs,2023,summary,Denil-Maldonado-Match-Logs
008ddeb9,matchlogs,2023,summary,Luis-Caicedo-Match-Logs
49815f34,matchlogs,2023,summary,Gregore-Match-Logs
00534d73,matchlogs,2023,summary,Preston-Judd-Match-Logs
91981d97,matchlogs,2023,summary,Sam-Junqua-Match-Logs
b004076a,matchlogs,2023,summary,Marinos-Tzionis-Match-Logs
67d3d023,matchlogs,2023,summary,Kristian-Fletcher-Match-Logs
1c9838aa,matchlogs,2023,summary,Luis-Diaz-Match-Logs
06caac45,matchlogs,2023,summary,Zac-MacMath-Match-Logs
f940c69e,matchlogs,2023,summary,Keegan-Rosenberry-Match-Logs
9cfe9254,matchlogs,2023,summary,Danny-Wilson-Match-Logs
8f2af1ed,matchlogs,2023,summary,Hassani-Dotson-Match-Logs
0672f944,matchlogs,2023,summary,Ousseni-Bouda-Match-Logs
6421ec64,matchlogs,2023,summary,Xherdan-Shaqiri-Match-Logs
ff45add5,matchlogs,2023,summary,Alfredo-Morales-Match-Logs
f2dd9a21,matchlogs,2023,summary,Carlos-Gruezo-Match-Logs
0aa41f67,matchlogs,2023,summary,Mason-Toye-Match-Logs
3f1b018e,matchlogs,2023,summary,Tanner-Beason-Match-Logs
9c794a80,matchlogs,2023,summary,Cristian-Espinoza-Match-Logs
de9952b5,matchlogs,2023,summary,Bongokuhle-Hlongwane-Match-Logs
3d47c1ad,matchlogs,2023,summary,Noel-Buck-Match-Logs
9f39b6cf,matchlogs,2023,summary,Ethan-Zubak-Match-Logs
db6540c5,matchlogs,2023,summary,Franco-Ibarra-Match-Logs
5439dba0,matchlogs,2023,summary,Sebastian-Ferreira-Match-Logs
6a1940d5,matchlogs,2023,summary,Brad-Stuver-Match-Logs
6c8fb474,matchlogs,2023,summary,Maximiliano-Urruti-Match-Logs
b74e58c0,matchlogs,2023,summary,Dax-McCarty-Match-Logs
4a67f05b,matchlogs,2023,summary,Lalas-Abubakar-Match-Logs
4e0afc5d,matchlogs,2023,summary,Arnaud-Souquet-Match-Logs
8d3d3b0a,matchlogs,2023,summary,Giorgos-Giakoumakis-Match-Logs
3261d0e4,matchlogs,2023,summary,Santiago-Moreno-Match-Logs
be84c466,matchlogs,2023,summary,Mikael-Uhre-Match-Logs
8941d9b2,matchlogs,2023,summary,Arquimides-Ordonez-Match-Logs
4501fd21,matchlogs,2023,summary,Zan-Kolmanic-Match-Logs
0646bd8a,matchlogs,2023,summary,Kamal-Miller-Match-Logs
e947ee4a,matchlogs,2023,summary,Gaston-Brugman-Match-Logs
dbaa10c0,matchlogs,2023,summary,Fafa-Picault-Match-Logs
f907a6a8,matchlogs,2023,summary,Anderson-Julio-Match-Logs
53507968,matchlogs,2023,summary,Stipe-Biuk-Match-Logs
f10983ae,matchlogs,2023,summary,Steven-Moreira-Match-Logs
a8de0bd5,matchlogs,2023,summary,Daniel-Edelman-Match-Logs
0aaa1c04,matchlogs,2023,summary,Justin-Rennicks-Match-Logs
5dc34eaa,matchlogs,2023,summary,Jonathan-Sirois-Match-Logs
87fe8526,matchlogs,2023,summary,Hany-Mukhtar-Match-Logs
467f09c8,matchlogs,2023,summary,Joe-Willis-Match-Logs
336dbcb2,matchlogs,2023,summary,Adama-Diomande-Match-Logs
4352d221,matchlogs,2023,summary,Evander-Match-Logs
5dcb4ac4,matchlogs,2023,summary,Junior-Moreno-Match-Logs
60953af0,matchlogs,2023,summary,Braian-Ojeda-Match-Logs
3e9ae1db,matchlogs,2023,summary,Julian-Carranza-Match-Logs
fe11d61b,matchlogs,2023,summary,Benjamin-Kikanovic-Match-Logs
4b49ed54,matchlogs,2023,summary,Rodolfo-Pizarro-Match-Logs
a295f0b3,matchlogs,2023,summary,Nelson-Quinones-Match-Logs
229cd98a,matchlogs,2023,summary,Sergio-Cordova-Match-Logs
ec730d9a,matchlogs,2023,summary,Russell-Canouse-Match-Logs
c90615e6,matchlogs,2023,summary,Lucas-Bartlett-Match-Logs
f86fe8c1,matchlogs,2023,summary,Cristian-Casseres-Jr-Match-Logs
6217c92d,matchlogs,2023,summary,Jack-Price-Match-Logs
9c07bdc7,matchlogs,2023,summary,Jack-Skahan-Match-Logs
3677d047,matchlogs,2023,summary,Erik-Holt-Match-Logs
e75f9dba,matchlogs,2023,summary,George-Marks-Match-Logs
6adb0b79,matchlogs,2023,summary,Thiago-Match-Logs
5.51E+06,matchlogs,2023,summary,Pablo-Sisniega-Match-Logs
31faf295,matchlogs,2023,summary,Bryan-Oviedo-Match-Logs
41ba8175,matchlogs,2023,summary,Sebastien-Ibeagha-Match-Logs
3bd3bcc4,matchlogs,2023,summary,Alexandru-Matan-Match-Logs
622986f0,matchlogs,2023,summary,Omir-Fernandez-Match-Logs
3b9f859b,matchlogs,2023,summary,Shaquell-Moore-Match-Logs
bd7b916c,matchlogs,2023,summary,Ariel-Lassiter-Match-Logs
8c8c07a7,matchlogs,2023,summary,Jose-Cifuentes-Match-Logs
64c98878,matchlogs,2023,summary,Talles-Magno-Match-Logs
e2b8c25c,matchlogs,2023,summary,Jack-McGlynn-Match-Logs
e0364352,matchlogs,2023,summary,Eryk-Williamson-Match-Logs
b7cc83e3,matchlogs,2023,summary,Celio-Martins-Match-Logs
b8862e65,matchlogs,2023,summary,Daniel-Pereira-Match-Logs
c3a86eea,matchlogs,2023,summary,Jonathan-Bond-Match-Logs
068be155,matchlogs,2023,summary,Damir-Kreilach-Match-Logs
a1216563,matchlogs,2023,summary,Emiliano-Rigoni-Match-Logs
3ed214ff,matchlogs,2023,summary,Cesar-Araujo-Match-Logs
f61246d8,matchlogs,2023,summary,Jesus-Ferreira-Match-Logs
1b804500,matchlogs,2023,summary,Connor-Ronan-Match-Logs
1bb2acce,matchlogs,2023,summary,Paul-Arriola-Match-Logs
e33a07ef,matchlogs,2023,summary,Ilias-Iliadis-Match-Logs
bb18b3b6,matchlogs,2023,summary,Juan-Mosquera-Match-Logs
517bef8b,matchlogs,2023,summary,Kosi-Thompson-Match-Logs
c679d9fd,matchlogs,2023,summary,Cameron-Duke-Match-Logs
09538c47,matchlogs,2023,summary,Franco-Fragapane-Match-Logs
28b58797,matchlogs,2023,summary,Ryan-Hollingshead-Match-Logs
da0bb55a,matchlogs,2023,summary,Paul-Marie-Match-Logs
dc590664,matchlogs,2023,summary,Chinonso-Offor-Match-Logs
c16a59af,matchlogs,2023,summary,Ethan-Finlay-Match-Logs
6b306c92,matchlogs,2023,summary,John-Pulskamp-Match-Logs
4d825a2d,matchlogs,2023,summary,Brandon-Servania-Match-Logs
0ffd4373,matchlogs,2023,summary,Chris-Durkin-Match-Logs
67c3efa4,matchlogs,2023,summary,Max-Match-Logs
fdd60087,matchlogs,2023,summary,Santiago-Arias-Match-Logs
540c9a17,matchlogs,2023,summary,Ercan-Kara-Match-Logs
c1f0fb45,matchlogs,2023,summary,Paxton-Pomykal-Match-Logs
